{
  "colors" : [
    {
      "color" : {
        "color-space" : "srgb",
        "components" : {
          "alpha" : "1.000",
          "blue" : "0x30",
          "green" : "0x0A",
          "red" : "0xBF"
        }
      },
      "idiom" : "universal"
    },
    {
      "color" : {
        "color-space" : "srgb",
        "components" : {
          "alpha" : "1.000",
          "blue" : "0.188",
          "green" : "0.039",
          "red" : "0.749"
        }
      },
      "idiom" : "universal",
      "locale" : "en"
    },
    {
      "color" : {
        "color-space" : "srgb",
        "components" : {
          "alpha" : "1.000",
          "blue" : "0x47",
          "green" : "0x68",
          "red" : "0x00"
        }
      },
      "idiom" : "universal",
      "locale" : "es"
    }
  ],
  "info" : {
    "author" : "xcode",
    "version" : 1
  },
  "properties" : {
    "localizable" : true
  }
}
